"num","ada","prog","data"
"T4554656","T4554656","T4554656","T4554656"
"h33433","h33433","h33433","h33433"
"T4554656","T4554656","T4554656","T4554656"
"D6565654","D6565654","D6565654","D6565654"
"T4554656","T4554656","T4554656","T4554656"
"h33433","h33433","h33433","h33433"
"T4554656","T4554656","T4554656","T4554656"
"D6565654","D6565654","D6565654","D6565654"
"T4554656","T4554656","T4554656","D5215"
"h33433","h33433","h33433","h33433"
"T4554656","T4554656","T4554656","T4554656"
"D6565654","D6565654","D6565654","D6565654"
